{
  "id": "starschema-report",
  "reportId": "00000000-0000-0000-0000-000000000001",
  "config": "{\"version\":\"5.50\",\"themeCollection\":{\"baseTheme\":{\"name\":\"CY24SU02\",\"version\":\"5.50\",\"type\":2}},\"activeSectionIndex\":0,\"defaultDrillFilterOtherVisuals\":true,\"linguisticSchemaSyncVersion\":2,\"settings\":{\"isPersistentUserStateDisabled\":false,\"hideVisualContainerHeader\":false,\"useStylableVisualContainerHeader\":true,\"exportDataMode\":1}}",
  "layoutOptimization": 0,
  "publicCustomVisuals": [],
  "resourcePackages": [],
  "sections": [
    {
      "name": "ReportSection",
      "displayName": "Pagina 1",
      "filters": "[]",
      "ordinal": 0,
      "visualContainers": [],
      "config": "{\"name\":\"ReportSection\",\"displayName\":\"Pagina 1\",\"displayOption\":1,\"allowDrillthrough\":true,\"isPageHidden\":false}",
      "width": 1280,
      "height": 720
    }
  ]
}
